Workbook
Name ExternalData_1: '2025_Monthly_Sales_Trend'!$A$3:$E$39
Name ExternalData_1: 'Sales Trend by Year'!$A$3:$D$30
Name ExternalData_1: Sales_Analysis!$A$4:$F$7
Name ExternalData_1: latest_growth_analysis!$A$4:$D$7
Name ExternalData_1: Volume!$A$3:$G$309

Sheet 2025_Monthly_Sales_Trend
A1: 2025_Monthly_Sales_Trend
A3: month | B3: month_name | C3: division | D3: division_name | E3: monthly_sales(RM millions)
A4: 1 | B4: =TEXT(DATE(2025,$A4,1),"mmm") -> Jan | C4: 45 | D4: {=_xlfn.IFS($C4=45,"Motor Vehicles & Motorcycles",$C4=46,"Wholesale Trade",$C4=47,"Retail Trade")} -> Motor Vehicles & Motorcycles | E4: 16009 | G4: Sum of monthly_sales(RM millions) | H4: division_name
A5: 1 | B5: =TEXT(DATE(2025,$A5,1),"mmm") -> Jan | C5: 46 | D5: {=_xlfn.IFS($C5=45,"Motor Vehicles & Motorcycles",$C5=46,"Wholesale Trade",$C5=47,"Retail Trade")} -> Wholesale Trade | E5: 66783 | G5: month_name | H5: Motor Vehicles & Motorcycles | I5: Retail Trade | J5: Wholesale Trade | K5: Grand Total
A6: 1 | B6: =TEXT(DATE(2025,$A6,1),"mmm") -> Jan | C6: 47 | D6: {=_xlfn.IFS($C6=45,"Motor Vehicles & Motorcycles",$C6=46,"Wholesale Trade",$C6=47,"Retail Trade")} -> Retail Trade | E6: 66118 | G6: Jan | H6: 16009 | I6: 66118 | J6: 66783 | K6: 148910
A7: 2 | B7: =TEXT(DATE(2025,$A7,1),"mmm") -> Feb | C7: 45 | D7: {=_xlfn.IFS($C7=45,"Motor Vehicles & Motorcycles",$C7=46,"Wholesale Trade",$C7=47,"Retail Trade")} -> Motor Vehicles & Motorcycles | E7: 17626 | G7: Feb | H7: 17626 | I7: 65070 | J7: 65799 | K7: 148495
A8: 2 | B8: =TEXT(DATE(2025,$A8,1),"mmm") -> Feb | C8: 46 | D8: {=_xlfn.IFS($C8=45,"Motor Vehicles & Motorcycles",$C8=46,"Wholesale Trade",$C8=47,"Retail Trade")} -> Wholesale Trade | E8: 65799 | G8: Mar | H8: 19243 | I8: 66984 | J8: 67755 | K8: 153982
A9: 2 | B9: =TEXT(DATE(2025,$A9,1),"mmm") -> Feb | C9: 47 | D9: {=_xlfn.IFS($C9=45,"Motor Vehicles & Motorcycles",$C9=46,"Wholesale Trade",$C9=47,"Retail Trade")} -> Retail Trade | E9: 65070 | G9: Apr | H9: 17626 | I9: 66759 | J9: 67321 | K9: 151706
A10: 3 | B10: =TEXT(DATE(2025,$A10,1),"mmm") -> Mar | C10: 45 | D10: {=_xlfn.IFS($C10=45,"Motor Vehicles & Motorcycles",$C10=46,"Wholesale Trade",$C10=47,"Retail Trade")} -> Motor Vehicles & Motorcycles | E10: 19243 | G10: May | H10: 19069 | I10: 67068 | J10: 68204 | K10: 154341
A11: 3 | B11: =TEXT(DATE(2025,$A11,1),"mmm") -> Mar | C11: 46 | D11: {=_xlfn.IFS($C11=45,"Motor Vehicles & Motorcycles",$C11=46,"Wholesale Trade",$C11=47,"Retail Trade")} -> Wholesale Trade | E11: 67755 | G11: Jun | H11: 17133 | I11: 67542 | J11: 68295 | K11: 152970
A12: 3 | B12: =TEXT(DATE(2025,$A12,1),"mmm") -> Mar | C12: 47 | D12: {=_xlfn.IFS($C12=45,"Motor Vehicles & Motorcycles",$C12=46,"Wholesale Trade",$C12=47,"Retail Trade")} -> Retail Trade | E12: 66984 | G12: Jul | H12: 19286 | I12: 67013 | J12: 70130 | K12: 156429
A13: 4 | B13: =TEXT(DATE(2025,$A13,1),"mmm") -> Apr | C13: 45 | D13: {=_xlfn.IFS($C13=45,"Motor Vehicles & Motorcycles",$C13=46,"Wholesale Trade",$C13=47,"Retail Trade")} -> Motor Vehicles & Motorcycles | E13: 17626 | G13: Aug | H13: 19618 | I13: 67327 | J13: 69642 | K13: 156587
A14: 4 | B14: =TEXT(DATE(2025,$A14,1),"mmm") -> Apr | C14: 46 | D14: {=_xlfn.IFS($C14=45,"Motor Vehicles & Motorcycles",$C14=46,"Wholesale Trade",$C14=47,"Retail Trade")} -> Wholesale Trade | E14: 67321 | G14: Sep | H14: 18041 | I14: 68916 | J14: 71054 | K14: 158011
A15: 4 | B15: =TEXT(DATE(2025,$A15,1),"mmm") -> Apr | C15: 47 | D15: {=_xlfn.IFS($C15=45,"Motor Vehicles & Motorcycles",$C15=46,"Wholesale Trade",$C15=47,"Retail Trade")} -> Retail Trade | E15: 66759 | G15: Oct | H15: 20412 | I15: 69325 | J15: 71173 | K15: 160910
A16: 5 | B16: =TEXT(DATE(2025,$A16,1),"mmm") -> May | C16: 45 | D16: {=_xlfn.IFS($C16=45,"Motor Vehicles & Motorcycles",$C16=46,"Wholesale Trade",$C16=47,"Retail Trade")} -> Motor Vehicles & Motorcycles | E16: 19069 | G16: Nov | H16: 19790 | I16: 69015 | J16: 70144 | K16: 158949
A17: 5 | B17: =TEXT(DATE(2025,$A17,1),"mmm") -> May | C17: 46 | D17: {=_xlfn.IFS($C17=45,"Motor Vehicles & Motorcycles",$C17=46,"Wholesale Trade",$C17=47,"Retail Trade")} -> Wholesale Trade | E17: 68204 | G17: Dec | H17: 22277 | I17: 70375 | J17: 71067 | K17: 163719
A18: 5 | B18: =TEXT(DATE(2025,$A18,1),"mmm") -> May | C18: 47 | D18: {=_xlfn.IFS($C18=45,"Motor Vehicles & Motorcycles",$C18=46,"Wholesale Trade",$C18=47,"Retail Trade")} -> Retail Trade | E18: 67068 | G18: Grand Total | H18: 226130 | I18: 811512 | J18: 827367 | K18: 1865009
A19: 6 | B19: =TEXT(DATE(2025,$A19,1),"mmm") -> Jun | C19: 45 | D19: {=_xlfn.IFS($C19=45,"Motor Vehicles & Motorcycles",$C19=46,"Wholesale Trade",$C19=47,"Retail Trade")} -> Motor Vehicles & Motorcycles | E19: 17133
A20: 6 | B20: =TEXT(DATE(2025,$A20,1),"mmm") -> Jun | C20: 46 | D20: {=_xlfn.IFS($C20=45,"Motor Vehicles & Motorcycles",$C20=46,"Wholesale Trade",$C20=47,"Retail Trade")} -> Wholesale Trade | E20: 68295
A21: 6 | B21: =TEXT(DATE(2025,$A21,1),"mmm") -> Jun | C21: 47 | D21: {=_xlfn.IFS($C21=45,"Motor Vehicles & Motorcycles",$C21=46,"Wholesale Trade",$C21=47,"Retail Trade")} -> Retail Trade | E21: 67542
A22: 7 | B22: =TEXT(DATE(2025,$A22,1),"mmm") -> Jul | C22: 45 | D22: {=_xlfn.IFS($C22=45,"Motor Vehicles & Motorcycles",$C22=46,"Wholesale Trade",$C22=47,"Retail Trade")} -> Motor Vehicles & Motorcycles | E22: 19286
A23: 7 | B23: =TEXT(DATE(2025,$A23,1),"mmm") -> Jul | C23: 46 | D23: {=_xlfn.IFS($C23=45,"Motor Vehicles & Motorcycles",$C23=46,"Wholesale Trade",$C23=47,"Retail Trade")} -> Wholesale Trade | E23: 70130
A24: 7 | B24: =TEXT(DATE(2025,$A24,1),"mmm") -> Jul | C24: 47 | D24: {=_xlfn.IFS($C24=45,"Motor Vehicles & Motorcycles",$C24=46,"Wholesale Trade",$C24=47,"Retail Trade")} -> Retail Trade | E24: 67013
A25: 8 | B25: =TEXT(DATE(2025,$A25,1),"mmm") -> Aug | C25: 45 | D25: {=_xlfn.IFS($C25=45,"Motor Vehicles & Motorcycles",$C25=46,"Wholesale Trade",$C25=47,"Retail Trade")} -> Motor Vehicles & Motorcycles | E25: 19618
A26: 8 | B26: =TEXT(DATE(2025,$A26,1),"mmm") -> Aug | C26: 46 | D26: {=_xlfn.IFS($C26=45,"Motor Vehicles & Motorcycles",$C26=46,"Wholesale Trade",$C26=47,"Retail Trade")} -> Wholesale Trade | E26: 69642
A27: 8 | B27: =TEXT(DATE(2025,$A27,1),"mmm") -> Aug | C27: 47 | D27: {=_xlfn.IFS($C27=45,"Motor Vehicles & Motorcycles",$C27=46,"Wholesale Trade",$C27=47,"Retail Trade")} -> Retail Trade | E27: 67327
A28: 9 | B28: =TEXT(DATE(2025,$A28,1),"mmm") -> Sep | C28: 45 | D28: {=_xlfn.IFS($C28=45,"Motor Vehicles & Motorcycles",$C28=46,"Wholesale Trade",$C28=47,"Retail Trade")} -> Motor Vehicles & Motorcycles | E28: 18041
A29: 9 | B29: =TEXT(DATE(2025,$A29,1),"mmm") -> Sep | C29: 46 | D29: {=_xlfn.IFS($C29=45,"Motor Vehicles & Motorcycles",$C29=46,"Wholesale Trade",$C29=47,"Retail Trade")} -> Wholesale Trade | E29: 71054
A30: 9 | B30: =TEXT(DATE(2025,$A30,1),"mmm") -> Sep | C30: 47 | D30: {=_xlfn.IFS($C30=45,"Motor Vehicles & Motorcycles",$C30=46,"Wholesale Trade",$C30=47,"Retail Trade")} -> Retail Trade | E30: 68916
... A39: 12 | B39: =TEXT(DATE(2025,$A39,1),"mmm") -> Dec | C39: 47 | D39: {=_xlfn.IFS($C39=45,"Motor Vehicles & Motorcycles",$C39=46,"Wholesale Trade",$C39=47,"Retail Trade")} -> Retail Trade | E39: 70375

Sheet Sales Trend by Year
A1: Sales Trend by Year (2018–Jun 2026)
A3: year | B3: division | C3: division_name | D3: total_sales(RM millions)
A4: 2018 | B4: 45 | C4: {=_xlfn.IFS($B4=45,"Motor Vehicles & Motorcycles",$B4=46,"Wholesale Trade",$B4=47,"Retail Trade")} -> Motor Vehicles & Motorcycles | D4: 146679 | G4: Sum of total_sales(RM millions) | H4: division_name
A5: 2018 | B5: 46 | C5: {=_xlfn.IFS($B5=45,"Motor Vehicles & Motorcycles",$B5=46,"Wholesale Trade",$B5=47,"Retail Trade")} -> Wholesale Trade | D5: 605474 | G5: year | H5: Motor Vehicles & Motorcycles | I5: Retail Trade | J5: Wholesale Trade | K5: Grand Total
A6: 2018 | B6: 47 | C6: {=_xlfn.IFS($B6=45,"Motor Vehicles & Motorcycles",$B6=46,"Wholesale Trade",$B6=47,"Retail Trade")} -> Retail Trade | D6: 499995 | G6: 2018 | H6: 146679 | I6: 499995 | J6: 605474 | K6: 1252148
A7: 2019 | B7: 45 | C7: {=_xlfn.IFS($B7=45,"Motor Vehicles & Motorcycles",$B7=46,"Wholesale Trade",$B7=47,"Retail Trade")} -> Motor Vehicles & Motorcycles | D7: 150623 | G7: 2019 | H7: 150623 | I7: 537599 | J7: 638222 | K7: 1326444
A8: 2019 | B8: 46 | C8: {=_xlfn.IFS($B8=45,"Motor Vehicles & Motorcycles",$B8=46,"Wholesale Trade",$B8=47,"Retail Trade")} -> Wholesale Trade | D8: 638222 | G8: 2020 | H8: 135094 | I8: 511008 | J8: 603311 | K8: 1249413
A9: 2019 | B9: 47 | C9: {=_xlfn.IFS($B9=45,"Motor Vehicles & Motorcycles",$B9=46,"Wholesale Trade",$B9=47,"Retail Trade")} -> Retail Trade | D9: 537599 | G9: 2021 | H9: 124105 | I9: 533563 | J9: 641756 | K9: 1299424
A10: 2020 | B10: 45 | C10: {=_xlfn.IFS($B10=45,"Motor Vehicles & Motorcycles",$B10=46,"Wholesale Trade",$B10=47,"Retail Trade")} -> Motor Vehicles & Motorcycles | D10: 135094 | G10: 2022 | H10: 183173 | I10: 661052 | J10: 710293 | K10: 1554518
A11: 2020 | B11: 46 | C11: {=_xlfn.IFS($B11=45,"Motor Vehicles & Motorcycles",$B11=46,"Wholesale Trade",$B11=47,"Retail Trade")} -> Wholesale Trade | D11: 603311 | G11: 2023 | H11: 205706 | I11: 720751 | J11: 747149 | K11: 1673606
A12: 2020 | B12: 47 | C12: {=_xlfn.IFS($B12=45,"Motor Vehicles & Motorcycles",$B12=46,"Wholesale Trade",$B12=47,"Retail Trade")} -> Retail Trade | D12: 511008 | G12: 2024 | H12: 219058 | I12: 764901 | J12: 782080 | K12: 1766039
A13: 2021 | B13: 45 | C13: {=_xlfn.IFS($B13=45,"Motor Vehicles & Motorcycles",$B13=46,"Wholesale Trade",$B13=47,"Retail Trade")} -> Motor Vehicles & Motorcycles | D13: 124105 | G13: 2025 | H13: 226130 | I13: 811512 | J13: 827367 | K13: 1865009
A14: 2021 | B14: 46 | C14: {=_xlfn.IFS($B14=45,"Motor Vehicles & Motorcycles",$B14=46,"Wholesale Trade",$B14=47,"Retail Trade")} -> Wholesale Trade | D14: 641756 | G14: 2026 | H14: 112803 | I14: 427124 | J14: 459779 | K14: 999706
A15: 2021 | B15: 47 | C15: {=_xlfn.IFS($B15=45,"Motor Vehicles & Motorcycles",$B15=46,"Wholesale Trade",$B15=47,"Retail Trade")} -> Retail Trade | D15: 533563 | G15: Grand Total | H15: 1503371 | I15: 5467505 | J15: 6015431 | K15: 12986307
A16: 2022 | B16: 45 | C16: {=_xlfn.IFS($B16=45,"Motor Vehicles & Motorcycles",$B16=46,"Wholesale Trade",$B16=47,"Retail Trade")} -> Motor Vehicles & Motorcycles | D16: 183173
A17: 2022 | B17: 46 | C17: {=_xlfn.IFS($B17=45,"Motor Vehicles & Motorcycles",$B17=46,"Wholesale Trade",$B17=47,"Retail Trade")} -> Wholesale Trade | D17: 710293
A18: 2022 | B18: 47 | C18: {=_xlfn.IFS($B18=45,"Motor Vehicles & Motorcycles",$B18=46,"Wholesale Trade",$B18=47,"Retail Trade")} -> Retail Trade | D18: 661052
A19: 2023 | B19: 45 | C19: {=_xlfn.IFS($B19=45,"Motor Vehicles & Motorcycles",$B19=46,"Wholesale Trade",$B19=47,"Retail Trade")} -> Motor Vehicles & Motorcycles | D19: 205706
A20: 2023 | B20: 46 | C20: {=_xlfn.IFS($B20=45,"Motor Vehicles & Motorcycles",$B20=46,"Wholesale Trade",$B20=47,"Retail Trade")} -> Wholesale Trade | D20: 747149
A21: 2023 | B21: 47 | C21: {=_xlfn.IFS($B21=45,"Motor Vehicles & Motorcycles",$B21=46,"Wholesale Trade",$B21=47,"Retail Trade")} -> Retail Trade | D21: 720751
A22: 2024 | B22: 45 | C22: {=_xlfn.IFS($B22=45,"Motor Vehicles & Motorcycles",$B22=46,"Wholesale Trade",$B22=47,"Retail Trade")} -> Motor Vehicles & Motorcycles | D22: 219058
A23: 2024 | B23: 46 | C23: {=_xlfn.IFS($B23=45,"Motor Vehicles & Motorcycles",$B23=46,"Wholesale Trade",$B23=47,"Retail Trade")} -> Wholesale Trade | D23: 782080
A24: 2024 | B24: 47 | C24: {=_xlfn.IFS($B24=45,"Motor Vehicles & Motorcycles",$B24=46,"Wholesale Trade",$B24=47,"Retail Trade")} -> Retail Trade | D24: 764901
A25: 2025 | B25: 45 | C25: {=_xlfn.IFS($B25=45,"Motor Vehicles & Motorcycles",$B25=46,"Wholesale Trade",$B25=47,"Retail Trade")} -> Motor Vehicles & Motorcycles | D25: 226130
A26: 2025 | B26: 46 | C26: {=_xlfn.IFS($B26=45,"Motor Vehicles & Motorcycles",$B26=46,"Wholesale Trade",$B26=47,"Retail Trade")} -> Wholesale Trade | D26: 827367
A27: 2025 | B27: 47 | C27: {=_xlfn.IFS($B27=45,"Motor Vehicles & Motorcycles",$B27=46,"Wholesale Trade",$B27=47,"Retail Trade")} -> Retail Trade | D27: 811512
... A30: 2026 | B30: 47 | C30: {=_xlfn.IFS($B30=45,"Motor Vehicles & Motorcycles",$B30=46,"Wholesale Trade",$B30=47,"Retail Trade")} -> Retail Trade | D30: 427124

Sheet Sales_Analysis
A1: Sales_Analysis
A3: Division_Performance
A4: division | B4: division_name | C4: total_sales(RM millions) | D4: avg_sales(RM millions) | E4: min_sales(RM millions) | F4: max_sales(RM millions)
A5: 46 | B5: {=_xlfn.IFS($A5=45,"Motor Vehicles & Motorcycles",$A5=46,"Wholesale Trade",$A5=47,"Retail Trade")} -> Wholesale Trade | C5: 6015431 | D5: 58974.814 | E5: 37694 | F5: 83534
A6: 47 | B6: {=_xlfn.IFS($A6=45,"Motor Vehicles & Motorcycles",$A6=46,"Wholesale Trade",$A6=47,"Retail Trade")} -> Retail Trade | C6: 5467505 | D6: 53602.99 | E6: 28320 | F6: 72016
A7: 45 | B7: {=_xlfn.IFS($A7=45,"Motor Vehicles & Motorcycles",$A7=46,"Wholesale Trade",$A7=47,"Retail Trade")} -> Motor Vehicles & Motorcycles | C7: 1503371 | D7: 14738.931 | E7: 838 | F7: 22277
A11: 2025 Sales_Contribution_by_Division
A12: division | B12: division_name | C12: total_sales(RM millions) | D12: sales_contribution_pct
A13: 46 | B13: {=_xlfn.IFS($A13=45,"Motor Vehicles & Motorcycles",$A13=46,"Wholesale Trade",$A13=47,"Retail Trade")} -> Wholesale Trade | C13: 827367 | D13: 0.4436
A14: 47 | B14: {=_xlfn.IFS($A14=45,"Motor Vehicles & Motorcycles",$A14=46,"Wholesale Trade",$A14=47,"Retail Trade")} -> Retail Trade | C14: 811512 | D14: 0.4351
A15: 45 | B15: {=_xlfn.IFS($A15=45,"Motor Vehicles & Motorcycles",$A15=46,"Wholesale Trade",$A15=47,"Retail Trade")} -> Motor Vehicles & Motorcycles | C15: 226130 | D15: 0.1212
A18: division_name | B18: Average of sales_contribution_pct
A19: Motor Vehicles & Motorcycles | B19: 0.1212
A20: Retail Trade | B20: 0.4351
A21: Wholesale Trade | B21: 0.4436
A22: Grand Total | B22: 0.3333
A25: division_name | B25: Sum of total_sales(RM millions)
A26: Motor Vehicles & Motorcycles | B26: 226130
A27: Retail Trade | B27: 811512
A28: Wholesale Trade | B28: 827367
A29: Grand Total | B29: 1865009

Sheet latest_growth_analysis
A1: latest_growth_analysis
A3: Latest mom Sales Growth
A4: date | B4: division | C4: division_name | D4: latest_mom_sales_growth
A5: 46174 | B5: 45 | C5: {=_xlfn.IFS($B5=45,"Motor Vehicles & Motorcycles",$B5=46,"Wholesale Trade",$B5=47,"Retail Trade")} -> Motor Vehicles & Motorcycles | D5: 0.06
A6: 46174 | B6: 47 | C6: {=_xlfn.IFS($B6=45,"Motor Vehicles & Motorcycles",$B6=46,"Wholesale Trade",$B6=47,"Retail Trade")} -> Retail Trade | D6: 0
A7: 46174 | B7: 46 | C7: {=_xlfn.IFS($B7=45,"Motor Vehicles & Motorcycles",$B7=46,"Wholesale Trade",$B7=47,"Retail Trade")} -> Wholesale Trade | D7: -0.05
A10: Latest YoY Sales Growth
A11: date | B11: division | C11: division_name | D11: latest_yoy_sales_growth
A12: 46174 | B12: 45 | C12: {=_xlfn.IFS($B12=45,"Motor Vehicles & Motorcycles",$B12=46,"Wholesale Trade",$B12=47,"Retail Trade")} -> Motor Vehicles & Motorcycles | D12: 0.15
A13: 46174 | B13: 46 | C13: {=_xlfn.IFS($B13=45,"Motor Vehicles & Motorcycles",$B13=46,"Wholesale Trade",$B13=47,"Retail Trade")} -> Wholesale Trade | D13: 0.12
A14: 46174 | B14: 47 | C14: {=_xlfn.IFS($B14=45,"Motor Vehicles & Motorcycles",$B14=46,"Wholesale Trade",$B14=47,"Retail Trade")} -> Retail Trade | D14: 0.07

Sheet Volume
A1: Volume
A3: f.date | B3: date | C3: division | D3: division_name | E3: sales(RM millions) | F3: volume_index(2015=100) | G3: volume_index_sa(2015=100) | I3: Average of volume_index_sa(2015=100) | J3: division_name
A4: 43101 | B4: =$A4 -> 43101 | C4: 45 | D4: {=_xlfn.IFS($C4=45,"Motor Vehicles & Motorcycles",$C4=46,"Wholesale Trade",$C4=47,"Retail Trade")} -> Motor Vehicles & Motorcycles | E4: 11655 | F4: 98 | G4: 99 | I4: date | J4: Motor Vehicles & Motorcycles | K4: Retail Trade | L4: Wholesale Trade | M4: Grand Total
A5: 43101 | B5: =$A5 -> 43101 | C5: 46 | D5: {=_xlfn.IFS($C5=45,"Motor Vehicles & Motorcycles",$C5=46,"Wholesale Trade",$C5=47,"Retail Trade")} -> Wholesale Trade | E5: 49750 | F5: 119 | G5: 119 | I5: 43101 | J5: 99 | K5: 121 | L5: 119 | M5: 113
A6: 43101 | B6: =$A6 -> 43101 | C6: 47 | D6: {=_xlfn.IFS($C6=45,"Motor Vehicles & Motorcycles",$C6=46,"Wholesale Trade",$C6=47,"Retail Trade")} -> Retail Trade | E6: 39655 | F6: 124 | G6: 121 | I6: 43132 | J6: 100 | K6: 122 | L6: 120 | M6: 114
A7: 43132 | B7: =$A7 -> 43132 | C7: 45 | D7: {=_xlfn.IFS($C7=45,"Motor Vehicles & Motorcycles",$C7=46,"Wholesale Trade",$C7=47,"Retail Trade")} -> Motor Vehicles & Motorcycles | E7: 10544 | F7: 92 | G7: 100 | I7: 43160 | J7: 95 | K7: 123 | L7: 120 | M7: 112.66667
A8: 43132 | B8: =$A8 -> 43132 | C8: 46 | D8: {=_xlfn.IFS($C8=45,"Motor Vehicles & Motorcycles",$C8=46,"Wholesale Trade",$C8=47,"Retail Trade")} -> Wholesale Trade | E8: 47386 | F8: 114 | G8: 120 | I8: 43191 | J8: 102 | K8: 124 | L8: 121 | M8: 115.66667
A9: 43132 | B9: =$A9 -> 43132 | C9: 47 | D9: {=_xlfn.IFS($C9=45,"Motor Vehicles & Motorcycles",$C9=46,"Wholesale Trade",$C9=47,"Retail Trade")} -> Retail Trade | E9: 39223 | F9: 122 | G9: 122 | I9: 43221 | J9: 100 | K9: 126 | L9: 122 | M9: 116
A10: 43160 | B10: =$A10 -> 43160 | C10: 45 | D10: {=_xlfn.IFS($C10=45,"Motor Vehicles & Motorcycles",$C10=46,"Wholesale Trade",$C10=47,"Retail Trade")} -> Motor Vehicles & Motorcycles | E10: 12278 | F10: 100 | G10: 95 | I10: 43252 | J10: 105 | K10: 131 | L10: 122 | M10: 119.33333
A11: 43160 | B11: =$A11 -> 43160 | C11: 46 | D11: {=_xlfn.IFS($C11=45,"Motor Vehicles & Motorcycles",$C11=46,"Wholesale Trade",$C11=47,"Retail Trade")} -> Wholesale Trade | E11: 50675 | F11: 123 | G11: 120 | I11: 43282 | J11: 109 | K11: 134 | L11: 123 | M11: 122
A12: 43160 | B12: =$A12 -> 43160 | C12: 47 | D12: {=_xlfn.IFS($C12=45,"Motor Vehicles & Motorcycles",$C12=46,"Wholesale Trade",$C12=47,"Retail Trade")} -> Retail Trade | E12: 40825 | F12: 128 | G12: 123 | I12: 43313 | J12: 107 | K12: 136 | L12: 125 | M12: 122.66667
A13: 43191 | B13: =$A13 -> 43191 | C13: 45 | D13: {=_xlfn.IFS($C13=45,"Motor Vehicles & Motorcycles",$C13=46,"Wholesale Trade",$C13=47,"Retail Trade")} -> Motor Vehicles & Motorcycles | E13: 12066 | F13: 96 | G13: 102 | I13: 43344 | J13: 94 | K13: 129 | L13: 126 | M13: 116.33333
A14: 43191 | B14: =$A14 -> 43191 | C14: 46 | D14: {=_xlfn.IFS($C14=45,"Motor Vehicles & Motorcycles",$C14=46,"Wholesale Trade",$C14=47,"Retail Trade")} -> Wholesale Trade | E14: 48575 | F14: 118 | G14: 121 | I14: 43374 | J14: 101 | K14: 133 | L14: 126 | M14: 120
A15: 43191 | B15: =$A15 -> 43191 | C15: 47 | D15: {=_xlfn.IFS($C15=45,"Motor Vehicles & Motorcycles",$C15=46,"Wholesale Trade",$C15=47,"Retail Trade")} -> Retail Trade | E15: 39129 | F15: 120 | G15: 124 | I15: 43405 | J15: 102 | K15: 134 | L15: 126 | M15: 120.66667
A16: 43221 | B16: =$A16 -> 43221 | C16: 45 | D16: {=_xlfn.IFS($C16=45,"Motor Vehicles & Motorcycles",$C16=46,"Wholesale Trade",$C16=47,"Retail Trade")} -> Motor Vehicles & Motorcycles | E16: 12308 | F16: 100 | G16: 100 | I16: 43435 | J16: 97 | K16: 135 | L16: 125 | M16: 119
... A106: 44136 | B106: =$A106 -> 44136 | C106: 45 | D106: {=_xlfn.IFS($C106=45,"Motor Vehicles & Motorcycles",$C106=46,"Wholesale Trade",$C106=47,"Retail Trade")} -> Motor Vehicles & Motorcycles | E106: 12797 | F106: 106 | G106: 102 | I106: 46174 | J106: 143 | K106: 195 | L106: 157 | M106: 165
A107: 44136 | B107: =$A107 -> 44136 | C107: 46 | D107: {=_xlfn.IFS($C107=45,"Motor Vehicles & Motorcycles",$C107=46,"Wholesale Trade",$C107=47,"Retail Trade")} -> Wholesale Trade | E107: 52771 | F107: 129 | G107: 127 | I107: Grand Total | J107: 115.15686 | K107: 156.94118 | L107: 134.22549 | M107: 135.44118
A108: 44136 | B108: =$A108 -> 44136 | C108: 47 | D108: {=_xlfn.IFS($C108=45,"Motor Vehicles & Motorcycles",$C108=46,"Wholesale Trade",$C108=47,"Retail Trade")} -> Retail Trade | E108: 44827 | F108: 139 | G108: 135
A109: 44166 | B109: =$A109 -> 44166 | C109: 45 | D109: {=_xlfn.IFS($C109=45,"Motor Vehicles & Motorcycles",$C109=46,"Wholesale Trade",$C109=47,"Retail Trade")} -> Motor Vehicles & Motorcycles | E109: 14269 | F109: 118 | G109: 110
A110: 44166 | B110: =$A110 -> 44166 | C110: 46 | D110: {=_xlfn.IFS($C110=45,"Motor Vehicles & Motorcycles",$C110=46,"Wholesale Trade",$C110=47,"Retail Trade")} -> Wholesale Trade | E110: 55290 | F110: 131 | G110: 128
A111: 44166 | B111: =$A111 -> 44166 | C111: 47 | D111: {=_xlfn.IFS($C111=45,"Motor Vehicles & Motorcycles",$C111=46,"Wholesale Trade",$C111=47,"Retail Trade")} -> Retail Trade | E111: 46849 | F111: 145 | G111: 137
A112: 44197 | B112: =$A112 -> 44197 | C112: 45 | D112: {=_xlfn.IFS($C112=45,"Motor Vehicles & Motorcycles",$C112=46,"Wholesale Trade",$C112=47,"Retail Trade")} -> Motor Vehicles & Motorcycles | E112: 10802 | F112: 95 | G112: 90
A113: 44197 | B113: =$A113 -> 44197 | C113: 46 | D113: {=_xlfn.IFS($C113=45,"Motor Vehicles & Motorcycles",$C113=46,"Wholesale Trade",$C113=47,"Retail Trade")} -> Wholesale Trade | E113: 55415 | F113: 132 | G113: 128
A114: 44197 | B114: =$A114 -> 44197 | C114: 47 | D114: {=_xlfn.IFS($C114=45,"Motor Vehicles & Motorcycles",$C114=46,"Wholesale Trade",$C114=47,"Retail Trade")} -> Retail Trade | E114: 45629 | F114: 143 | G114: 136
A115: 44228 | B115: =$A115 -> 44228 | C115: 45 | D115: {=_xlfn.IFS($C115=45,"Motor Vehicles & Motorcycles",$C115=46,"Wholesale Trade",$C115=47,"Retail Trade")} -> Motor Vehicles & Motorcycles | E115: 11159 | F115: 98 | G115: 100
A116: 44228 | B116: =$A116 -> 44228 | C116: 46 | D116: {=_xlfn.IFS($C116=45,"Motor Vehicles & Motorcycles",$C116=46,"Wholesale Trade",$C116=47,"Retail Trade")} -> Wholesale Trade | E116: 52576 | F116: 125 | G116: 131
A117: 44228 | B117: =$A117 -> 44228 | C117: 47 | D117: {=_xlfn.IFS($C117=45,"Motor Vehicles & Motorcycles",$C117=46,"Wholesale Trade",$C117=47,"Retail Trade")} -> Retail Trade | E117: 44274 | F117: 139 | G117: 140
A118: 44256 | B118: =$A118 -> 44256 | C118: 45 | D118: {=_xlfn.IFS($C118=45,"Motor Vehicles & Motorcycles",$C118=46,"Wholesale Trade",$C118=47,"Retail Trade")} -> Motor Vehicles & Motorcycles | E118: 15016 | F118: 124 | G118: 110
A119: 44256 | B119: =$A119 -> 44256 | C119: 46 | D119: {=_xlfn.IFS($C119=45,"Motor Vehicles & Motorcycles",$C119=46,"Wholesale Trade",$C119=47,"Retail Trade")} -> Wholesale Trade | E119: 52729 | F119: 126 | G119: 129
... A309: 46174 | B309: =$A309 -> 46174 | C309: 47 | D309: {=_xlfn.IFS($C309=45,"Motor Vehicles & Motorcycles",$C309=46,"Wholesale Trade",$C309=47,"Retail Trade")} -> Retail Trade | E309: 72016 | F309: 195 | G309: 195

Sheet dashboard
A1: Malaysia Wholesale & Retail Trade Analysis
A2: 2026 includes data through June only.
A7: =SUM(F7,C7,G7) -> 12986307 | C7: =Sales_Analysis!C7 -> 1503371 | F7: =Sales_Analysis!C5 -> 6015431 | G7: =Sales_Analysis!C6 -> 5467505
A10: Latest Sales Growth — June 2026
A11: Division | B11: mom sales growth | C11: yoy sales growth
A12: Motor Vehicles & Motorcycles | B12: =_xlfn.XLOOKUP($A12,latest_growth_analysis!$C$5:$C$7,latest_growth_analysis!$D$5:$D$7) -> 0.06 | C12: =_xlfn.XLOOKUP($A12,latest_growth_analysis!$C$12:$C$14,latest_growth_analysis!$D$12:$D$14) -> 0.15
A13: Wholesale Trade | B13: =_xlfn.XLOOKUP($A13,latest_growth_analysis!$C$5:$C$7,latest_growth_analysis!$D$5:$D$7) -> -0.05 | C13: =_xlfn.XLOOKUP($A13,latest_growth_analysis!$C$12:$C$14,latest_growth_analysis!$D$12:$D$14) -> 0.12
A14: Retail Trade | B14: =_xlfn.XLOOKUP($A14,latest_growth_analysis!$C$5:$C$7,latest_growth_analysis!$D$5:$D$7) -> 0 | C14: =_xlfn.XLOOKUP($A14,latest_growth_analysis!$C$12:$C$14,latest_growth_analysis!$D$12:$D$14) -> 0.07
A17: Sales Trend by Year (2018–Jun 2026) | D17: 2025 Monthly Sales Trend
A33: 2025 Sales Contribution by Division (RM millions)
F36: 2025 Division Total Sales
F37: Division | G37: Total Sales(RM millions)
F38: Motor Vehicles & Motorcycles | G38: 226130
F39: Retail Trade | G39: 811512
F40: Wholesale Trade | G40: 827367
F41: Grand Total | G41: 1865009
A46: Volume Index Trend by Division 2018 – Jun 2026
A47: Note: Volume Index uses 2015 as the base year (2015=100).
A65: Division Performance (RM million) 2018–Jun 2026
A67: Division | B67: Avg Sales | C67: Min Sales | D67: Max Sales
A68: Wholesale Trade | B68: 58974.814 | C68: 37694 | D68: 83534
A69: Retail Trade | B69: 53602.99 | C69: 28320 | D69: 72016
A70: Motor Vehicles & Motorcycles | B70: 14738.931 | C70: 838 | D70: 22277
